,key,name,week,type,sseStd,sseRobust,sseHybrid,sseHybridRobust,sseStdSplitFoul,sseRobustSplitFoul,sseHybridSplitFoul,sseHybridRobustSplitFoul,meanErrorStd,meanErrorRobust,meanErrorHybrid,meanErrorHybridRobust,meanErrorStdSplitFoul,meanErrorRobustSplitFoul,meanErrorHybridSplitFoul,meanErrorHybridRobustSplitFoul,sseStdMar,sseRobustMar,sseHybridMar,sseHybridRobustMar,sseStdSplitFoulMar,sseRobustSplitFoulMar,sseHybridSplitFoulMar,sseHybridRobustSplitFoulMar,meanErrorStdMar,meanErrorRobustMar,meanErrorHybridMar,meanErrorHybridRobustMar,meanErrorStdSplitFoulMar,meanErrorRobustSplitFoulMar,meanErrorHybridSplitFoulMar,meanErrorHybridRobustSplitFoulMar,outlierCount,errorPos,errorNeg,foul30,foul60,noClimb,pTeamOutlierPct,pTeamDelta4Pct,sseFracOfAll,errMagDiffFromAll
0,2020arli,Arkansas Regional,1,Regional,7652.593709088169,8311.15785003963,7538.525223626813,7722.558957826606,6367.441317172965,7487.300850770314,5860.367341994553,6289.2986313723295,6.399790312545335,8.659013607185067,9.458777477591388,10.715870349570286,-6.017200166261219,-3.507108258768601,-2.9582130012151255,-1.4502515163833876,31382.66388022314,27870.8185617564,28563.7319611794,25162.70332778561,24157.35827369667,24351.739554655076,22502.29803017918,21706.231892411844,-19.460188855975957,-16.502055870731446,-16.670709350581834,-13.842991315648716,1.5831940651377383,3.7353888675895752,4.372673570531815,6.394453422672321,4,75,25,25,25,25,28,28,1.0860576382317741,2.2592232946397317
1,2020bcvi,Canadian Pacific Regional,1,Regional,7275.361283093429,7246.023522749796,6204.334933755425,6137.196841935472,9068.052245202762,8897.768515184214,8414.520856498897,8380.76216615132,1.7500603586709003,1.5090468145945397,2.633710577303317,1.6383859540605394,-14.175338089481063,-12.223590670572648,-13.29168787084866,-12.094251531106677,25938.935459182147,26585.83194397289,24126.050462870095,26533.077394788823,33984.390429441475,32673.338841871853,33402.996815279905,33792.342530489215,5.25650398279284,-11.075099780339555,2.345236722732076,-11.418021645288581,3.2150611366939787,-0.6002112520840193,0.30379387663323393,-0.9431331170330282,2,50,50,50,50,0,20,20,0.9959675184225135,-0.24101354407636055
2,2020cadm,Del Mar Regional,1,Regional,6979.206246435607,6853.4782626204515,6795.350428605613,6781.851708597155,6691.422417793688,6319.508769802291,6006.754071325071,5684.334030773813,4.3263274996122485,5.397346429400163,5.777660827908537,6.165106479023979,-0.7094384716873458,-0.618653209535503,0.7418948566089535,0.14910684008824251,26041.23935846181,23218.681933228858,26647.667637722385,25813.806641296633,24785.406010267077,22133.417923418972,23242.633995141234,22190.11728243337,3.1879479388837333,2.9850512277659464,7.439479622335015,7.3660808745054736,-11.676928544208842,-11.963231107214598,-7.425396860757544,-7.582201460475149,1,100,0,0,0,100,8,0,0.9819853462735298,1.0710189297879147
3,2020cala,Los Angeles Regional,1,Regional,12334.202708697088,12334.202708697088,9811.373219110774,9811.373219110774,10338.29844175359,10338.29844175359,8470.737171846065,8470.737171846065,6.91803769349542,6.91803769349542,6.005598753652694,6.005598753652694,0.061720029779803294,0.061720029779803294,-0.8507189100629261,-0.8507189100629261,26548.165407904256,26548.165407904256,23887.173492197304,23887.173492197304,28686.309547286644,28686.309547286644,27199.92804912919,27199.92804912919,-7.845630999895997,-7.845630999895997,-4.774063896348765,-4.774063896348765,-3.799067462103334,-3.799067462103334,-0.727500358556062,-0.727500358556062,0,0,0,0,0,0,0,0,1.0,0.0
4,2020caln,Los Angeles North Regional,0,Regional,12898.588521738391,14170.232594890773,13870.884116109852,15113.31042513353,13263.422686371201,13711.868970540076,14498.486923257658,14857.109171125081,6.160328391930909,5.919490812185341,3.2656290184619285,2.88352883590786,3.276834728094868,3.856509197303385,0.38213535462587456,0.8205472210258642,76711.82430639121,74635.97513598057,84020.99151752298,83319.54941427644,83079.95922419742,82029.5868852296,90117.12960151957,90389.22381275306,-11.65869025915488,-6.498443753829698,-3.180670423181187,0.19962495932453073,-17.327910569210268,-12.583783532529083,-8.849890733236617,-5.885714819374908,3,66,33,33,33,33,28,24,1.0985878471128248,-0.24083757974556796
5,2020ctnct,NE District Northern CT Event,0,District,7212.891957216226,6809.395983385047,5895.019067160754,5840.749157189741,7444.270276947798,6765.62877098632,6013.407023768882,5815.738144403312,-2.065612936185339,1.2371080348778718,0.4262548927836833,2.3240026875421487,-2.6710101614046726,0.8434223537463148,-0.17914233243567834,1.9303170064106143,30513.044434356423,27654.646319993786,25497.707354824266,23866.539232876108,31852.1054709761,28375.78982591533,26516.533611009578,25119.632269245398,21.866744499227135,18.251851636853765,19.75896478017932,18.007187107325997,21.96290635470397,19.455248592594987,19.85512663565614,19.210584063067223,3,100,0,0,0,66,25,16,0.9440590575563111,-0.828504901307467
6,2020ctwat,NE District Waterbury Event,1,District,6503.7759141207325,6396.303692290557,6140.1280275749,6266.82760267172,6470.7335588567,6529.696565384622,6057.128674908614,6224.171790800953,-8.653424928095673,-10.017224542772144,-5.896668205486816,-6.7913342645407955,-13.904397694352879,-14.926691691011072,-11.147640971743995,-11.700801412779748,22927.9056118874,22274.486983891402,23854.361558778524,24603.181116324726,18165.238604439528,17762.788073664506,22318.64263416559,22943.34182648447,-8.127755503859623,-8.043865756635986,-8.482165584662358,-8.42713307934716,-9.94120825712307,-9.872211051276276,-10.295618337925822,-10.255478373987444,1,0,100,100,0,0,12,12,0.9834754113227,1.3637996146764717
7,2020gadal,PCH District Dalton Event,1,District,8261.838610528499,8050.013084197213,8993.34308286716,9317.588787274475,9387.673431025385,8981.871553984221,8919.56344574169,8907.824429198132,-18.900414913103038,-18.726703277697784,-17.973047514325646,-18.62754991565553,-18.740541168098698,-17.60041600753228,-17.813173769321306,-17.50126264549002,17332.1858874268,15620.663539739082,15817.48720982387,15688.908121325283,31027.85187128387,29214.15802998976,22441.986170263943,22332.799039810034,3.4076485400359493,8.727013352356057,13.122912583774175,16.14224335369606,-8.58569880558842,-5.50173497187305,1.1295652381497894,1.9134950294669781,3,33,66,66,66,33,25,16,0.9743609702008285,-0.17371163540525458
8,2020gagai,PCH District Gainesville Event presented by Automation Direct,0,District,8888.491547627162,8185.703014175384,10672.436443326575,10461.588459883244,9014.776740854277,8658.613041180295,10839.036511378648,10934.967584005923,-22.416578358257297,-21.513756254828337,-26.183258401190002,-25.537106562115042,-21.804698644567715,-21.409747766906797,-25.571378687500406,-25.433098074193495,13047.95650707163,11749.601071420935,13599.436957717086,15563.338894178254,12457.933635162222,11738.234615544652,13779.204701801955,15552.810661196156,-17.380855790287594,-10.935634146608098,-5.812750381295503,-1.199890547124718,-12.581487474159022,-7.161721268701497,-1.0133820651669692,2.5740223307818937,1,100,0,0,0,0,12,12,0.9209327556103272,-0.9028221034289601
9,2020ilch,Midwest Regional,1,Regional,11002.678959412102,10565.817294832208,8865.021460094922,8580.18890932913,9736.511174110998,9405.404018587054,8247.224312508612,8043.819125748615,12.183924286162743,12.364029015589336,11.92178683185779,11.932203560211896,3.2690275772120745,3.4506575815616256,3.0068901229071296,3.018832126184234,36854.23358801437,32757.237113009593,29216.30234601465,27740.5628961443,36310.52784968189,33417.89096539958,30163.698246567626,29130.642415484523,21.24393488732247,17.773695648802576,16.770939141452374,15.093674703643972,26.131030125272414,22.925485891466504,21.658034379402373,20.245464946307873,3,0,100,66,0,0,12,4,0.9602949730523413,0.18010472942659383
10,2020inblo,IN District Bloomington Event,1,District,12791.381114278092,12791.381114278092,10521.041917940125,10521.041917940125,10312.759612382866,10312.759612382866,8090.723985496921,8090.723985496921,-17.525014537248897,-17.525014537248897,-17.48125367053639,-17.48125367053639,-13.75338982700797,-13.75338982700797,-13.709628960295513,-13.709628960295513,24584.886438171823,24584.886438171823,21562.123332059527,21562.123332059527,25669.609713529986,25669.609713529986,19017.167593119826,19017.167593119826,-2.9914024590110686,-2.9914024590110686,-4.324798634387541,-4.324798634387541,-8.84544645379086,-8.84544645379086,-10.178842629167368,-10.178842629167368,0,0,0,0,0,0,0,0,1.0,0.0
11,2020isde1,ISR District Event #1,0,District,8375.139425185833,7923.8130726368545,6973.58655877045,6872.45194967873,10112.24746646209,9735.026950046766,8597.725118584423,8562.466713589432,-11.300204553961082,-8.858050723663464,-9.3141484107763,-8.116561849068715,-13.264268741563598,-11.505788059379546,-11.278212598378781,-10.764299184784829,15544.628552424605,13017.925273877627,14931.775317150326,13669.86615428336,25164.565827645063,23061.380109032205,23658.605646111904,23009.960022723528,-4.609651493489695,-1.971338013452804,-10.978621636595662,-9.363416596723498,-3.1412330469915384,-0.9769534735623081,-9.510203190097517,-8.369032056833001,3,66,33,0,0,66,29,8,0.9461111833921542,-2.4421538302976185
12,2020isde2,ISR District Event #2,0,District,9208.767100063626,9208.767100063626,11051.327914018962,11051.327914018962,13350.791795126956,13350.791795126956,14977.98330924605,14977.98330924605,-18.605434959865384,-18.605434959865384,-18.589578022025027,-18.589578022025027,-27.1517998323401,-27.1517998323401,-27.135942894499745,-27.135942894499745,25389.41483140253,25389.41483140253,34746.264439044244,34746.264439044244,26984.810992434446,26984.810992434446,33343.96810596708,33343.96810596708,-1.8258815247801579,-1.8258815247801579,1.39549642818093,1.39549642818093,-9.355613343676444,-9.355613343676444,-6.134235390715331,-6.134235390715331,0,0,0,0,0,0,0,0,1.0,0.0
13,2020mabri,NE District SE Mass Event,1,District,9359.57430231975,6818.919927137712,6988.1302179035865,6282.3056031936385,8479.56386838626,6656.695231503632,6612.90096993568,6255.738542066789,-5.457244953302798,-1.564763861733936,-4.926771562892718,-3.9817555845940813,-7.211506971762798,-2.4021703791126603,-6.681033581352744,-4.819162101972815,44931.45601954908,31782.61814433188,32831.709492359856,28364.954853973184,42741.31091094755,32897.020994079976,31626.144343117026,29477.628644494485,-26.64813203399623,-17.886738698414426,-16.573148953187847,-13.64116745097589,-24.50199695652467,-17.29063792546402,-14.427013875716268,-13.045066678025483,5,80,20,20,20,80,50,25,0.728550221076578,-3.892481091568862
14,2020mdbet,CHS District Bethesda MD Event sponsored by Accenture,1,District,12362.095504688832,11881.059717236547,12625.404504583028,12207.51037864373,13691.494986618822,13620.073027896638,13936.935094060453,13914.04209826775,-9.609924475245338,-11.069769910666187,-7.431333036443366,-8.594736140117403,-15.664437192972514,-15.980699973325132,-13.485845754170521,-13.505666202776329,28864.26100764112,28142.72365389824,33552.99629984233,33077.63169545827,34414.24168164849,34309.456745018295,41227.990540064,41210.903286482506,1.1441715204516651,1.589294580881365,3.5293615438749724,3.8840960503205,0.22544778791439263,0.34427109512634885,2.6106378113377016,2.6390725645654958,1,0,100,100,100,0,12,12,0.9610878441062171,1.4598454354208492
15,2020mijac,FIM District Jackson Event,1,District,10320.52321650342,10639.60878101437,9475.69776485623,9634.162052244728,7227.931932348281,7355.976976841577,6056.632689790575,6111.72016414537,-9.511286448181464,-8.849215218716916,-8.586212341879866,-7.915097237448575,-4.973769932346487,-5.201554086172695,-4.048695826044869,-4.267436104904354,41323.22742708172,34804.094492363365,40989.55099978699,38013.78548380747,30113.049645339343,24248.512454260737,28087.066935970786,25353.701303680064,-21.185064326061315,-16.330687340051764,-17.202549812263786,-14.337840125874903,-17.72356673645076,-13.263030233508667,-13.741052222653275,-11.270183019331805,4,25,75,75,75,25,16,16,1.0309175763492984,-0.6620712294645479
16,2020mike2,FIM District Kettering University Event #2,1,District,9039.992687833561,9780.501619169345,8768.726325725287,9403.856749925699,10271.276419989528,10475.23191243929,9582.213471792085,9776.993621570264,-10.197032339291413,-9.192354982332976,-9.002118417202094,-8.68533180599238,-13.817826804426339,-12.884897222414466,-12.622912882337042,-12.377874046073881,53060.68251101887,53575.50632106326,50195.91430228853,51787.85675355392,50330.624825683204,49569.4657341195,46190.26678966569,47145.592430485725,-40.53358959190679,-41.32039036714603,-35.323657799395356,-35.956785126842696,-34.63465463627945,-35.16917922769916,-29.424722843768023,-29.805573987395835,2,50,50,50,0,50,20,8,1.0819147710520158,-1.004677356958437
17,2020miket,FIM District Kettering University Event #1,0,District,7748.054119184588,6808.703733453141,8564.310858634526,8073.7685104371685,7182.664629479978,6668.3748708009725,7823.192881185954,7709.47364210169,-17.02127651495926,-14.402641798005012,-13.72856828584931,-12.267813499136729,-16.871575389833524,-14.389872584006806,-13.57886716072355,-12.25504428513852,14986.508316734398,17004.7476382903,21505.70928604946,23025.723322176746,13557.894393954542,16565.276969738403,19187.613658632537,20916.84129197916,4.8173052892536266,4.483463016921738,8.297320565867054,8.4231605979069,-0.4064138488529489,-1.34089398127963,3.07360142776052,2.598803599705531,4,75,25,25,25,0,25,12,0.8787630582747781,-2.618634716954249
18,2020mikng,FIM District Kingsford Event,1,District,7521.222968772614,7415.572582596257,5880.937738294881,5728.725236126431,7520.420048605494,7104.447641931092,6249.331505421525,6066.96262406028,-1.5384434643623985,-2.3944004302388597,0.29430686255043353,-0.1835300514334968,-6.873943137322237,-7.614814202281383,-5.041192810409407,-5.403943823475979,29815.633656775215,34047.30732404625,21896.661266480605,23508.78611156101,28148.632790298747,28572.940646597897,21118.7962293758,21081.82406133453,22.95768469086773,23.196390986843163,18.741791359751982,18.87504885325299,15.270962834175423,15.335833317547609,11.05506950305964,11.014491183957457,1,0,100,100,0,0,8,8,0.9859530309611871,0.8559569658764612
19,2020mimcc,FIM District Macomb Community College Event,0,District,7693.23161528556,6277.549203443663,6821.082962134043,6537.482714259233,7554.7991751969475,6819.956053081779,6647.958426576706,6563.156150698004,-12.892445912396928,-11.063258597005056,-8.235903985143134,-8.222907565320002,-15.322903146357335,-13.898823367808347,-10.666361219103527,-11.058472336123307,33836.360287118805,26090.90813240264,37243.819902621384,36233.2122356885,28051.38498449517,23626.125203169067,33645.47913890348,32561.62956518636,-7.038351249402524,-9.436470487327195,-8.995704727110917,-13.258400490121886,-7.38334643668215,-5.886082281983991,-9.340699914390528,-9.70801228477866,4,75,25,25,25,75,36,28,0.8159833886933678,-1.8291873153918718
20,2020mimil,FIM District Milford Event,1,District,11626.911391121614,11626.911391121614,11223.431731021827,11223.431731021827,11632.481642324597,11632.481642324597,10897.622225272195,10897.622225272195,-0.6191325197410709,-0.6191325197410709,2.463101414162324,2.463101414162324,-3.7804667113963255,-3.7804667113963255,-0.6982327774929178,-0.6982327774929178,57590.98851387813,57590.98851387813,48733.55463218184,48733.55463218184,56730.667359887695,56730.667359887695,47760.77162038812,47760.77162038812,10.220635214547503,10.220635214547503,9.999662004842069,9.999662004842069,10.78355630575808,10.78355630575808,10.56258309605264,10.56258309605264,0,0,0,0,0,0,0,0,1.0,0.0
21,2020misjo,FIM District St. Joseph Event,1,District,11042.718817933091,11398.72458815105,10157.688246682384,10235.413338667817,13826.501931542489,14051.775113015843,12718.73962563591,12740.262748117371,-14.295980536853238,-13.519269457557069,-10.998718830769104,-10.673591314722762,-18.786426340453595,-17.95336091160622,-15.489164634369464,-15.107682768771925,28106.928681392477,29580.45116156493,29139.872109650605,29227.043159354704,35788.786686247855,37441.51774548976,37198.294926810544,37377.07591507593,12.831352315998645,11.981381245232233,16.219214955195962,15.86342115964467,19.33558123491468,18.54707754387686,22.723443874112004,22.429117458289276,1,100,0,0,0,100,8,0,1.032238959995958,-0.7767110792961684
22,2020misou,FIM District Southfield Event,0,District,5848.698062070109,5614.284018913978,5218.027316688287,5193.27198332939,4390.058312547508,4209.843939092154,3627.197185660716,3627.4862128855643,8.99027604456769,8.648303727007836,10.91762976968783,10.566807845177664,-5.639642242378952,-5.9266622891464085,-3.712288517258847,-4.008158170976592,22466.066480930105,21194.60489050362,16381.872560602678,16740.012022556584,16241.297398901412,14779.59351870869,11696.255275434523,11654.8588022039,-7.569228353658873,-7.162601576152142,-6.837437927321,-6.508774447345366,-10.128537240196895,-10.069374705230688,-9.396746813859007,-9.415547576423917,2,50,50,50,0,50,16,16,0.9599203035156919,-0.34197231755985413
23,2020mitvc,FIM District Traverse City Event,0,District,7990.936208730687,7994.167654320155,6906.671725746532,6717.152967801695,7949.902256452771,7925.40107877807,7026.04706692657,6967.0957500039085,-3.4595666876702773,-4.03768146677623,-0.7300281470001426,-1.2363308738007588,-9.880549808232189,-10.010137090010103,-7.151011267562084,-7.208786497034557,38663.843803961485,37182.61057188399,33878.88671368929,32775.44167797132,38104.643828336775,37509.70425048855,34635.426714006855,34283.25442182042,12.07731151088247,8.79939801640475,13.463138657526276,10.592399834628624,11.356079299826748,10.00115721571628,12.741906446470566,11.794159033940069,1,0,100,100,100,0,8,8,1.0004043888607115,0.5781147791059529
24,2020mndu,Lake Superior Regional,1,Regional,8742.982064030915,8742.982064030915,6815.494776500956,6815.494776500956,9285.446061987404,9285.446061987404,6858.967987568994,6858.967987568994,10.218919197917133,10.218919197917133,10.338508502324688,10.338508502324688,8.244292275391484,8.244292275391484,8.36388157979905,8.36388157979905,27153.540992358874,27153.540992358874,24548.029334052142,24548.029334052142,30154.364531183382,30154.364531183382,27007.675900121176,27007.675900121176,-14.665447766155108,-14.665447766155108,-26.93088356590798,-26.93088356590798,-19.556831089699795,-19.556831089699795,-31.82226688945268,-31.82226688945268,0,0,0,0,0,0,0,0,1.0,0.0
25,2020mndu2,Northern Lights Regional,1,Regional,4468.965803807648,4175.091151882317,3628.017925727353,3536.3040958937554,6459.33454048965,6250.3090279627895,5918.278358371633,5935.114506037616,-5.767740782448406,-5.167727760988635,-5.280452517691404,-4.986249358030703,-7.95487997616416,-7.607274073890921,-7.467591711407164,-7.425795670933044,18721.82766460361,16337.9809050035,17021.118772759673,16145.949951727798,30211.615228093862,28783.13535374724,26159.33455915739,26339.227842740176,-20.88792578859931,-19.561949922668752,-21.677672559981158,-21.027509521116606,-22.191384500611463,-21.60603188627088,-22.98113127199341,-23.0715914847188,1,0,100,100,100,0,0,0,0.9342410157457585,-0.6000130214597714
26,2020mokc,Greater Kansas City Regional,0,Regional,8004.444475174551,8004.444475174551,7711.245412923665,7711.245412923665,7451.702661892719,7451.702661892719,7129.644486302824,7129.644486302824,-12.021035194475674,-12.021035194475674,-9.283998845364511,-9.283998845364511,-12.06318210629263,-12.06318210629263,-9.326145757181454,-9.326145757181454,19561.45359361268,19561.45359361268,19737.483580505374,19737.483580505374,16344.637345089874,16344.637345089874,16613.85705868414,16613.85705868414,11.443973716291085,11.443973716291085,5.249814124199496,5.249814124199496,10.955706100412744,10.955706100412744,4.76154650832118,4.76154650832118,0,0,0,0,0,0,0,0,1.0,0.0
27,2020mxmo,Regional Monterrey,0,Regional,8446.4576653794,7613.993497695943,7440.426125312601,7033.797518839441,9539.987153452941,9227.269517898585,8472.667685981509,8467.087667973447,-1.219964470367413,-1.5371287545544168,-2.889063989819531,-3.055262513538274,-10.479352470381489,-10.20463051962575,-12.148451989833596,-11.72276427860959,46505.10274644662,41891.55523943944,42995.37596807915,40953.89628831747,43793.80097685423,41433.454889732704,37772.67586652996,37280.84307132781,-21.35342187235491,-22.895332002781604,-23.187067328848702,-24.63711973881305,-5.75147761805436,-6.299159161445233,-7.585123074548136,-8.040946897476696,5,40,60,60,40,40,34,11,0.901442213924118,0.3171642841870037
28,2020ncpem,FNC District UNC Pembroke Event,1,District,8318.654378208363,9630.548715519042,7118.499092833475,8218.45021178315,10683.941693331853,10137.29253802188,9709.684569227575,9195.637609743015,6.769870620601188,6.656576890880502,7.539700475940972,7.00885412076849,2.90370433404023,3.2817226251198517,3.6735341893800166,3.633999855007785,29917.370695334033,30349.381807982863,24578.649655954046,25167.551993197296,44736.83566452965,36772.31267101671,38025.93456325828,32827.7061951553,5.034685857028812,13.691874933612032,3.299381054488762,10.08492617726548,-1.9142077322972642,2.828742916224205,-3.649512534837299,-0.778205840122372,3,33,66,66,66,33,23,19,1.1577051140323045,-0.11329372972068619
29,2020ncwak,FNC District Wake County Event,0,District,11902.659043843318,13222.469996533067,9909.414736328805,10740.367725457429,11892.470867939852,12602.242477403408,9898.60657967529,10098.616786747541,-12.56779201933459,-14.473555102397494,-11.458157344810274,-12.729993548324753,-20.936610811563668,-21.852411852678472,-19.826976137039306,-20.10885029860575,19876.951988557546,19281.345386433582,17747.882281882426,17583.396226320874,16192.082218510031,15883.586000502473,16273.544707737357,16191.641904656219,-19.575764986236603,-17.204801184442356,-12.428854261828983,-10.366044805542915,-9.614911812133515,-9.489473988674948,-2.468001087725906,-2.6507176097755383,2,0,100,100,100,0,16,16,1.1108837065590336,1.9057630830629044
30,2020ndgf,Great Northern Regional,0,Regional,12092.511408654696,13202.30654170965,11249.627839472818,12355.607243702421,12200.708761893764,12510.296263034828,11166.72885305494,11407.975708050848,8.347578306239322,10.556765275258092,11.678748233990989,12.273542718591257,6.730262046031071,9.512777080271224,10.061431973782737,11.229554523604415,47848.13313220789,48442.62732270466,38483.38281898391,43126.07287683048,44385.76854150952,40555.111301948986,32057.08981401748,32358.320716692982,-26.755967009405627,-25.211457744419118,-18.687053449241205,-19.19988905591373,-27.870936005590856,-25.99485918079714,-19.8020224454265,-19.983290492291683,3,0,100,33,33,0,8,8,1.0917754050875375,2.20918696901877
31,2020nhgrs,NE District Granite State Event,0,District,12589.940888299441,12781.180732758308,14677.24840681719,14702.353595116487,12298.79340854333,12247.195970991423,13888.656497795339,13774.848220966534,-13.454318813978647,-12.84404056857489,-10.55617825981729,-10.267166357782862,-13.6122177542577,-13.05187177651906,-10.714077200096355,-10.474997565727012,28912.214927606237,32192.891315744695,40024.21110139934,41526.91798900352,28109.390079851786,30550.689335331008,34965.96555580879,35943.60087289478,0.259250345565177,3.394309937702915,0.031221614670333304,1.5159042861222625,2.4460469635873716,5.277122084536998,2.218018232692548,3.398716432956321,1,100,0,0,0,100,8,8,1.0151898921651488,-0.610278245403757
32,2020ohmv,Miami Valley Regional,0,Regional,7387.288082525203,7233.914135940402,7013.818438346046,7613.066220078366,8450.901722669296,8213.855480642887,8770.40848427585,8745.515409535674,2.7784963478548894,-1.078571331458042,0.32248724765411874,-2.482915094340333,-2.9322504467033896,-4.412189025930304,-5.388259546904236,-5.81653278881265,30402.033214125506,27333.968814432483,26996.133006649878,28023.655260585663,43123.56961591024,35666.35907540809,38679.11577437518,36490.438210320186,2.707955757546011,-2.3412277986530903,4.778719014174585,1.0189893929915752,21.110026138372763,19.01208341606199,23.180789395001373,22.372300607706723,2,0,100,100,100,0,12,20,0.9792381257003351,-1.6999250163968473
33,2020onbar,ONT District Georgian College Event,1,District,11873.033862329105,11873.033862329105,10926.64393536966,10926.64393536966,9962.054723973852,9962.054723973852,9749.119513647061,9749.119513647061,-25.03844995494925,-25.03844995494925,-24.597430655432102,-24.597430655432102,-23.2147423917476,-23.2147423917476,-22.77372309223042,-22.77372309223042,28519.31487696424,28519.31487696424,24363.56843732251,24363.56843732251,19076.422411902164,19076.422411902164,18437.274505893063,18437.274505893063,27.827983578397834,27.827983578397834,23.20857165219874,23.20857165219874,16.276341455658432,16.276341455658432,11.656929529459356,11.656929529459356,0,0,0,0,0,0,0,0,1.0,0.0
34,2020onosh,ONT District Durham College Event,0,District,7477.974147443259,7576.380777355448,6923.195769699092,6938.056622889447,9920.519697679298,10056.097890949373,8905.0451301323,8840.454166546313,-11.15143285277306,-10.710209896200153,-7.181566359721863,-7.354610673120661,-14.416233290247296,-14.203655995478453,-10.446366797196127,-10.848056772398992,22775.376501571292,26435.42847797493,20371.681672807736,21982.84601339673,28208.05031787946,31573.945842297515,22602.834885224802,24174.0671732241,-13.76078421953434,-10.308638743551935,-9.57143439777764,-6.550876749887537,-10.856304234733553,-9.186339752185981,-6.66695441297681,-5.4285777585216435,5,60,40,20,20,40,33,16,1.0131595306391683,-0.4412229565729078
35,2020onto3,ONT District Humber College Event,1,District,12121.199536897071,12121.199536897071,10795.916236663112,10795.916236663112,13814.421478465167,13814.421478465167,12718.474928605534,12718.474928605534,-23.85661773603972,-23.85661773603972,-23.590367262731515,-23.590367262731515,-25.86156168421417,-25.86156168421417,-25.595311210905933,-25.595311210905933,26355.594740883927,26355.594740883927,21523.11366619684,21523.11366619684,19789.757613361053,19789.757613361053,17486.269195776025,17486.269195776025,1.9393434119119917,1.9393434119119917,-0.8742170113997381,-0.8742170113997381,-5.674055897609057,-5.674055897609057,-8.487616320920834,-8.487616320920834,0,0,0,0,0,0,0,0,1.0,0.0
36,2020orore,PNW District Clackamas Academy Event,0,District,11183.986397124048,10351.555710919945,9577.886383924835,9235.370143244494,11114.86018883069,10333.294016392054,9345.503063174769,9040.193146718915,-0.969965631954544,0.32832604858207676,0.8627299921431684,1.4583637369452331,-1.7409844699049581,-0.32131213723036,0.0917111541927514,0.8087255511327922,49646.63204719679,45605.6941720473,42097.497985176444,40361.708480178626,46212.06670739191,42706.80914921258,38845.807872502344,37465.243033284445,-0.5124156002238915,1.1173215428805052,2.6403896303935275,3.388084814875622,-4.009787138305818,-2.481121066806373,-0.856981907688417,-0.2103577948112618,1,100,0,0,0,100,11,0,0.9255694117780614,-0.6416395833724673
37,2020pahat,FMA District Hatboro-Horsham Event,0,District,6697.15994536686,6697.15994536686,8433.982309710536,8433.982309710536,7417.465431748543,7417.465431748543,9216.055943509136,9216.055943509136,-7.809554681372034,-7.809554681372034,-10.093876842887616,-10.093876842887616,-8.686896396773417,-8.686896396773417,-10.971218558288996,-10.971218558288996,20567.201517570393,20567.201517570393,29078.246716833608,29078.246716833608,27545.42283446974,27545.42283446974,36863.10429425325,36863.10429425325,-4.884440257154659,-4.884440257154659,9.001413742549762,9.001413742549762,-9.634085504176625,-9.634085504176625,4.2517684955278,4.2517684955278,0,0,0,0,0,0,0,0,1.0,0.0
38,2020qcsh,Festival de Robotique a Sherbrooke Regional,1,Regional,15745.5708061896,15376.710241110555,14197.288529297213,14098.629619440868,16013.087591924985,15796.48885069017,14536.834165498587,14392.388779388282,-9.62673608443061,-12.309520209489923,-7.251674027396177,-9.051253422474542,-17.99161347367453,-18.541454229806043,-15.6165514166401,-15.283187442790707,83132.904318586,73778.74825514128,77746.11303644384,71428.82069015274,75645.38878196852,73284.59574439935,69610.00507702405,69237.16239667994,19.468052547120436,16.434453795554354,22.189964822490417,20.15934458235697,15.114421659686283,13.265580355175668,17.836333935056263,16.990471141978265,4,0,100,100,50,0,37,20,0.9765736936679332,2.682784125059314
39,2020scmb,Palmetto Regional,0,Regional,6302.936971512607,6462.009990302701,5497.079259679633,5605.707097831382,7856.073270611399,7481.86246794227,7174.611653064229,6784.023397600881,-11.345059450171462,-11.516127280878584,-11.099257370858894,-10.659732376960418,-17.067422713595654,-16.68566990119081,-16.8216206342831,-15.8292749972726,9852.437651848952,12448.36728328573,7767.489554841087,9190.918340121376,9935.96484148112,9652.811761853975,7178.553625930139,7046.397310286073,0.6680843348992148,10.522716855433549,-4.489456019947136,2.0866168080194867,2.320223269040012,8.546900517067822,-2.8373170858063173,0.11080046965375448,2,50,50,0,0,0,20,20,1.0252379199584347,0.17106783070712162
40,2020tuis,Istanbul Regional,1,Regional,8042.58890241082,6300.27570204752,8219.403042763639,7316.181688776229,6896.0788323718025,6664.09982805257,6410.200543704088,6837.173394285966,3.9880693396659526,1.7885582345326043,5.806260767471519,4.302313475650249,7.0814884309456465,6.929374218970264,8.899679858751226,9.443129460087917,10603.997055901862,12135.026822231732,15295.105897511712,15758.638030700247,13063.894212082258,14288.481209912141,19311.064440024646,21297.14236045073,-15.419229825704903,-15.851974600757131,-24.128804446313186,-25.587834407221163,-23.713950929015766,-24.781863228416437,-32.42352554962404,-34.51772303488046,3,0,100,100,100,0,16,41,0.7833641354165162,-2.1995111051333485
41,2020tuis2,Bosphorus Regional,2,Regional,15303.225722369949,14647.930536816722,13637.577448351749,13285.142921137776,9056.622422685345,9233.36947070273,7170.959997307091,7180.90009382314,21.81854796342295,23.15248695739607,21.93785514860774,23.411333063306508,2.0424375517357056,2.1854394116040634,2.1617447369204754,2.4442855175144915,54666.25347975298,48868.52265478251,47339.60575168153,42221.65874446896,43239.7036906899,46457.81280691536,40321.65223357863,42322.60851988516,19.440174529617916,16.596271074832774,20.4935680353138,17.35217330055143,16.211398522472724,18.425463062874872,17.26479202816861,19.18136528859348,1,0,100,100,100,0,3,11,0.9571792772686265,1.3339389939731205
42,2020txcha,FIT District Channelview Event,1,District,9612.727104915964,9327.028638164486,7197.145530978231,6684.959973701014,10411.263887229148,11036.766455531371,8668.587692399888,8893.090299985532,-3.551539692727376,-5.31831632495668,-2.3456651174531364,-4.61355568949873,-15.63066218441488,-15.450132703143133,-14.424787609140651,-14.745372067685178,62215.43982719489,55144.48347793578,45285.061313435814,38143.1895339397,48165.05372457151,54519.84682120617,33752.47416798107,35757.195435483285,4.02164631768252,-3.608579700046095,-0.4843791792746873,-6.468810872289278,2.6938577625821707,0.4710250017985795,-1.8121677343750286,-2.38920617044458,5,40,60,60,40,40,54,33,0.9702791451756315,1.7667766322293037
43,2020txdel,FIT District Del Rio Event,1,District,7822.6516149092295,7559.017561201469,7065.545710910699,7005.911099823341,6959.881543621057,7102.965932128284,6351.097735093157,6382.913380604257,-19.34364742405586,-21.936992527653352,-18.672920968284938,-19.836067731713474,-20.277344947612864,-22.005832859490628,-19.60661849184191,-19.904908063550746,29285.47396100322,21928.707955473168,24327.12924183794,21458.639544116304,15551.006432567827,12952.347143665223,13331.563846453379,12885.116290750826,21.086795271876934,11.947107099999446,15.90402842001652,10.057904459441769,8.423785972274732,3.1044525857516647,3.2410191204143004,1.2152499451939778,4,0,100,50,25,0,41,16,0.9662986329078878,2.5933451035974926
44,2020txdri,FIT District Dripping Springs Event,0,District,5750.12334999001,6213.832366479931,5959.660688427231,6175.644128800504,5699.869602202644,5526.238428200961,6060.392059525266,6071.540754862375,-4.709243071566314,-2.0241753203907833,-4.39275355515893,-2.9546772018159535,-12.057457422321374,-8.706643656036753,-11.740967905914003,-9.637145537461924,16716.414300171447,17579.063626584033,17847.60874627323,18460.360764424197,18920.729080087684,20745.953552388444,20943.360783021544,22754.67181212364,-2.283943493944643,-0.20800012204258525,-2.402223162207053,-1.4337315028085555,8.004829616931971,9.705349016290617,7.886549948669577,8.479617635524656,6,50,50,50,0,33,45,8,1.0806433163717657,-2.6850677511755303
45,2020txgre,FIT District Greenville Event,0,District,11292.712257579964,9951.04819470457,10698.23410268522,9477.298027683422,8082.703718896024,8331.706251264173,7741.321679343126,7962.664278850318,-5.113159582970614,-3.0077413950082805,-4.661145153112205,-4.292288386723189,-6.859455770457516,-3.5399422546868204,-6.4074413405990995,-4.824489246401725,32322.85427279678,33718.07528150162,32290.62128466608,32197.002900732605,28632.168970833045,29105.571167843755,28367.666189943997,27333.441819250173,14.176136300805917,10.306194970440492,16.259844233852373,11.576538968916532,-2.096719202643255,0.6090840471191612,-0.013011269596778976,1.8794280455952301,7,57,42,42,28,28,41,29,0.8811920438356309,-2.105418187962333
46,2020txpla,FIT District Plano Event,1,District,12526.196930920105,8637.324245795466,10602.712621908315,8273.88585434651,12985.4397385338,8885.86509380139,11041.489575834566,8594.431025745918,-21.46601351007007,-16.820929586129203,-21.11403600678219,-18.10454585646119,-20.745700630709816,-17.104853864828563,-20.393723127421953,-18.388470135160578,38983.88726535706,26293.573192103642,31224.773033847378,23332.92693486997,49104.9848384533,30442.341580508397,40467.61299466392,28211.952904161466,-27.489790856868012,-11.59489310185937,-23.535828050124287,-12.638771997464394,-33.081532852839096,-17.424707903774827,-29.127570046095393,-18.46858679937991,4,100,0,0,0,75,37,20,0.6895408313815338,-4.6450839239408666
47,2020utwv,Utah Regional,1,Regional,15031.451171655195,15733.984673117415,17685.976937699084,17954.461394375,13043.960527527943,13638.038398981509,15343.460925891219,15600.75284985191,17.23407930157912,18.14970055806796,18.34147379158799,18.68336290309373,10.233685069144267,10.872932322663896,11.341079559153163,11.406594667689628,75760.28417956842,79514.03910102903,81653.71067482664,83177.48395178464,73380.14881135011,77352.90664896245,79715.82091254607,81478.28140382381,-33.910568838840554,-35.48913215622702,-33.06780438593584,-33.657233264101436,-37.73885203304165,-39.40988440884871,-36.896087580136886,-37.57798551672314,1,0,100,0,0,0,0,0,1.0467375700083428,0.9156212564888406
48,2020vagle,CHS District Richmond VA Event sponsored by Dominion Energy,1,District,14455.430447261368,14455.430447261368,14544.823367842491,14544.823367842491,15250.227648022916,15250.227648022916,14754.460450063776,14754.460450063776,-13.322198491857971,-13.322198491857971,-13.217821686801976,-13.217821686801976,-16.31656452188087,-16.31656452188087,-16.212187716824886,-16.212187716824886,65958.62429231213,65958.62429231213,62815.21200175888,62815.21200175888,74571.68616126198,74571.68616126198,66661.03531977365,66661.03531977365,-14.202682542295682,-14.202682542295682,-12.41796725760671,-12.41796725760671,-21.04226535437616,-21.04226535437616,-19.257550069687152,-19.257550069687152,0,0,0,0,0,0,0,0,1.0,0.0
49,2020vahay,CHS District Haymarket VA Event,0,District,14682.50098101774,14682.50098101774,13165.571198003876,13165.571198003876,16783.538220433882,16783.538220433882,14873.9007027499,14873.9007027499,-15.127191521295556,-15.127191521295556,-13.521549171337721,-13.521549171337721,-18.572568618953955,-18.572568618953955,-16.966926268996126,-16.966926268996126,64875.65444448573,64875.65444448573,51660.49410503771,51660.49410503771,71174.64980989018,71174.64980989018,56503.984424497474,56503.984424497474,5.932690263030611,5.932690263030611,1.740471532976249,1.740471532976249,15.485892310206355,15.485892310206355,11.293673580151989,11.293673580151989,0,0,0,0,0,0,0,0,1.0,0.0
50,2020wasno,PNW District Glacier Peak Event,0,District,11059.195831968864,10564.446466175808,9427.514298530325,9233.097034593862,10622.474160590022,9929.22103402019,9114.54634784368,8785.217956360118,-12.127032957670579,-13.076252449316389,-9.08652186601964,-9.579936070456188,-13.044573920593074,-13.418689072695214,-10.004062828942104,-9.922372693835023,31147.12850066729,26272.047396163915,27872.317532855697,25564.71781102103,36839.165381859035,30840.880513177333,32339.05296491739,29548.015494021696,41.16743728003906,36.42053488875798,37.75645061255891,35.12372340041033,43.411564932610744,38.833832476362225,40.00057826513057,37.53702098801461,2,0,100,0,0,0,16,0,0.9552635315161992,0.9492194916458097
51,2020waspo,PNW District West Valley Event,1,District,16069.351812962987,16069.351812962987,17191.758834238637,17191.758834238637,13503.108504252423,13503.108504252423,14201.884754215738,14201.884754215738,7.477536984617903,7.477536984617903,7.248635284743482,7.248635284743482,6.443888356150541,6.443888356150541,6.2149866562761265,6.2149866562761265,83741.4895053429,83741.4895053429,89280.10897748153,89280.10897748153,65134.721470834396,65134.721470834396,67831.07810594287,67831.07810594287,18.846899739539356,18.846899739539356,20.005242748450947,20.005242748450947,12.602564279140068,12.602564279140068,13.760907288051603,13.760907288051603,0,0,0,0,0,0,0,0,1.0,0.0
